Point,x,y
NO,1248.7117919921875,577.6783447265625
SO,1150.7501220703125,152.52186584472656
SE,212.73095703125,163.53594970703128
NE,142.61651611328128,586.929748535156
