id,actionId,colorId,shapeId,x1,y1,x2,y2,x3,y3,x4,y4
0,1,2,0,585.8333333333334,47.5,601.6666666666666,47.5,585.8333333333334,63.33333333333333,601.6666666666666,63.33333333333333
1,1,2,0,649.1666666666666,47.5,665.0,47.5,649.1666666666666,63.33333333333333,665.0,63.33333333333333
2,1,2,0,585.8333333333334,47.5,601.6666666666666,47.5,585.8333333333334,63.33333333333333,601.6666666666666,63.33333333333333
3,1,0,0,174.16666666666666,47.5,190.0,47.5,174.16666666666666,63.33333333333333,190.0,63.33333333333333
4,1,0,0,110.83333333333334,47.5,126.66666666666666,47.5,110.83333333333334,63.33333333333333,126.66666666666666,63.33333333333333
5,1,0,0,47.5,47.5,63.33333333333333,47.5,47.5,63.33333333333333,63.33333333333333,63.33333333333333
6,1,3,0,585.8333333333334,205.83333333333331,601.6666666666666,205.83333333333331,585.8333333333334,221.66666666666669,601.6666666666666,221.66666666666669
7,1,3,0,649.1666666666666,205.83333333333331,665.0,205.83333333333331,649.1666666666666,221.66666666666669,665.0,221.66666666666669
8,1,3,0,554.1666666666666,205.83333333333331,570.0,205.83333333333331,554.1666666666666,221.66666666666669,570.0,221.66666666666669
