Point,x,y
NO,1090.7645263671875,563.6323852539062
SO,1045.404052734375,235.77542114257812
SE,321.70104980468756,235.87062072753903
NE,283.17834472656256,559.8049926757812
