id,actionId,colorId,shapeId,x1,y1,x2,y2,x3,y3,x4,y4
0,1,0,1,110.83333333333334,110.83333333333334,126.66666666666666,110.83333333333334,110.83333333333334,158.33333333333334,126.66666666666666,158.33333333333334
1,1,0,1,47.5,110.83333333333334,63.33333333333333,110.83333333333334,47.5,158.33333333333334,63.33333333333333,158.33333333333334
2,1,0,0,174.16666666666666,47.5,190.0,47.5,174.16666666666666,63.33333333333333,190.0,63.33333333333333
3,1,0,0,110.83333333333334,47.5,126.66666666666666,47.5,110.83333333333334,63.33333333333333,126.66666666666666,63.33333333333333
4,1,1,0,174.16666666666666,205.83333333333331,190.0,205.83333333333331,174.16666666666666,221.66666666666669,190.0,221.66666666666669
5,1,1,0,110.83333333333334,205.83333333333331,126.66666666666666,205.83333333333331,110.83333333333334,221.66666666666669,126.66666666666666,221.66666666666669
