id,actionId,colorId,shapeId,x1,y1,x2,y2,x3,y3,x4,y4
0,1,1,1,110.83333333333334,269.1666666666667,126.66666666666666,269.1666666666667,110.83333333333334,316.6666666666667,126.66666666666666,316.6666666666667
1,1,1,1,47.5,269.1666666666667,63.33333333333333,269.1666666666667,47.5,316.6666666666667,63.33333333333333,316.6666666666667
2,1,1,0,174.16666666666666,205.83333333333331,190.0,205.83333333333331,174.16666666666666,221.66666666666669,190.0,221.66666666666669
3,1,3,1,585.8333333333334,269.1666666666667,601.6666666666666,269.1666666666667,585.8333333333334,316.6666666666667,601.6666666666666,316.6666666666667
4,1,3,1,649.1666666666666,269.1666666666667,665.0,269.1666666666667,649.1666666666666,316.6666666666667,665.0,316.6666666666667
5,1,3,1,554.1666666666666,269.1666666666667,570.0,269.1666666666667,554.1666666666666,316.6666666666667,570.0,316.6666666666667
6,1,3,0,585.8333333333334,205.83333333333331,601.6666666666666,205.83333333333331,585.8333333333334,221.66666666666669,601.6666666666666,221.66666666666669
7,1,3,0,649.1666666666666,205.83333333333331,665.0,205.83333333333331,649.1666666666666,221.66666666666669,665.0,221.66666666666669
8,1,3,0,554.1666666666666,205.83333333333331,570.0,205.83333333333331,554.1666666666666,221.66666666666669,570.0,221.66666666666669
